tick,neuron_0,neuron_1,neuron_2,neuron_3,neuron_4,neuron_5,neuron_6,neuron_7,neuron_8,neuron_9,neuron_10,neuron_11,neuron_12,neuron_13,neuron_14,neuron_15,neuron_16,neuron_17,neuron_18,neuron_19,neuron_20,neuron_21,neuron_22,neuron_23,neuron_24,neuron_25,neuron_26,neuron_27,neuron_28,neuron_29,norm_z,lambda1,omega
0,0.0,0.0,0.0,0.0,0.0,0.0,0.0,0.0,0.0,0.0,0.0,0.0,0.0,0.0,0.0,0.0,0.0,0.0,0.0,0.0,0.0,0.0,0.0,0.0,0.0,0.0,0.0,0.0,0.0,0.0,0.0,,
1,-0.1856651463262727,-0.24535124144623047,-0.23169488998602397,-0.23885661078172293,-0.22317586826193275,-0.2522170720143671,-0.24972187397144527,-0.2032974255403862,-0.02124923109116933,0.6913174194792991,1.433406379064564,1.7195804750662342,1.7470193876539204,1.7486140632137652,1.7133779471084638,1.6718323602929064,1.549208476441213,0.92198007314136,0.09936997070852895,-0.15206261331606077,-0.22011204651241736,-0.20464570303318722,-0.23165851176918983,-0.25931392446669604,-0.21290132574989307,-0.2281900486248484,-0.2441075140811322,-0.21870863133156376,-0.2398840916980624,-0.24138086940845463,4.644122295352764,-0.0033700882676674926,
2,-0.24373892743268305,-0.2645977070330764,-0.2584124488827705,-0.23985958045694297,-0.22562453335118154,-0.23122317586076266,-0.211040309380919,-0.23738673819337075,-0.12573882570730052,0.2783986764442706,1.1579353573278408,1.6349590519132584,1.6942149115856342,1.7545142094218364,1.731906826844487,1.7225313970386813,1.6041179625858608,1.3455741698346957,0.4833741426610295,-0.08775968404819254,-0.21617041218774224,-0.2717036891124433,-0.2423301080075139,-0.23279292654291076,-0.2147529305928853,-0.25452434337698865,-0.21162706836531875,-0.23127834908012973,-0.24927026025136828,-0.24559190410881548,4.6552901607152855,-0.003460238685773609,
3,-0.2449323940439235,-0.2506429244851043,-0.25762923802575366,-0.22763854554345428,-0.2397571106712454,-0.2484917958598377,-0.21992509643214497,-0.22732777394865422,-0.12969318513278788,0.3915789577085504,1.2601569889509385,1.6677531445170448,1.7026068284343783,1.7514413246663907,1.7095479688532533,1.6967395186075258,1.5804577045459967,1.2142084048913144,0.3091247874222419,-0.1155737118062006,-0.21957782664275802,-0.20082427505056452,-0.2495116946648876,-0.25244038434515786,-0.2592503969043739,-0.22253767693936685,-0.24359835152031362,-0.26328108080609797,-0.21975423133992983,-0.2126169552223307,4.6262521432557335,0.0008778793344358382,
4,-0.21227883533436048,-0.21232451254718762,-0.2239482215791598,-0.23964756132230838,-0.22779412561292361,-0.23257983918258157,-0.2187495468595148,-0.21329578461445453,-0.12294140774734251,0.4341273674798834,1.2582732727192079,1.6379622805201748,1.7024848122566434,1.7058320769308635,1.746876081625006,1.7450610120916006,1.6432625019392442,1.171724282795618,0.2783397498962501,-0.11370611683404704,-0.21567695855084074,-0.23677057217476952,-0.2487592590490424,-0.2254590327290634,-0.24401398824125822,-0.2199710555855779,-0.25224823354800563,-0.2551095365106263,-0.2300895914823211,-0.23972577202005324,4.636586429964856,-0.0048833338921068226,
5,-0.2692286010602669,-0.22556358938720306,-0.2475506651644513,-0.2509238706846693,-0.2169813670808509,-0.2539274419506733,-0.2500070813389209,-0.2527205479803157,-0.2371119951783431,-0.08922617381714115,0.44524002858197076,1.2759448401004543,1.6224596252267416,1.7019999385223545,1.7287238765879454,1.7009352046614175,1.7006115368570958,1.613029695077616,1.163575078635037,0.27617062833343736,-0.1084900678698808,-0.2133638440871324,-0.25185957361054523,-0.26106440372085893,-0.24827315803945965,-0.18666150620826627,-0.1994208374683769,-0.218271566335491,-0.22670027274809434,-0.2508508354056877,4.6041348354610845,0.0034119609781724236,
6,-0.2315708219705543,-0.2313631920370518,-0.24264716067437372,-0.26406050678772297,-0.26038429590915085,-0.211340911465196,-0.2521042091397861,-0.2018041871285458,-0.23474210884493837,-0.03580815497109659,0.6407822843294873,1.4082364002953796,1.6507343184127998,1.7543115505501734,1.707372922346863,1.703545004045374,1.7274365806601932,1.564581012137726,0.9881376104689653,0.11259435498974797,-0.17303133209773852,-0.20060316929989544,-0.2875847886098109,-0.23854424334613267,-0.24959701713511878,-0.24865214332086738,-0.225448469746377,-0.21215715570502208,-0.21308057310844908,-0.23584913172874117,4.634023195502485,-0.0037542327676685083,
7,-0.25454892805967066,-0.2270024727928553,-0.25294483522676603,-0.22845123229782854,-0.20678452327605218,-0.22947301443372786,-0.2711301317425078,-0.23839964055147753,-0.21835729620482527,-0.06655541529351233,0.5900297172827053,1.4399749203769237,1.7260613689773001,1.7077056535587962,1.7305098191364996,1.7539821125270174,1.7187445716001115,1.5953060303731887,1.0842500526825696,0.17123835218834366,-0.17945152211319398,-0.261800975457685,-0.21947159207171657,-0.21948117547579646,-0.23018203630410472,-0.23088066168946944,-0.23951052625314348,-0.27341768091030655,-0.22043165610635834,-0.2634185105904967,4.707034653061188,-0.01516373909966362,
8,-0.2678539612254293,-0.296931255564421,-0.2603439710042977,-0.2556788120210891,-0.22508932472565008,-0.2584898322885005,-0.1875891608623878,-0.23582684947467697,-0.0640179875958085,0.6165519820679581,1.3972586939293352,1.6955297861629688,1.7046787158201027,1.7203302158176648,1.7440328058875332,1.6699982691883233,1.574862954999129,1.0119584067049836,0.16954343751123405,-0.14056906202647332,-0.24160987306791873,-0.21562290616864252,-0.22885802200892846,-0.23082607539349062,-0.21349233943433035,-0.21040770903541156,-0.22946501460531385,-0.23301901298322958,-0.24682139048873236,-0.22148108572771472,4.63452358512693,0.006460599988055926,
9,-0.23489835372385875,-0.262761922510832,-0.23965738902917527,-0.2569447458457155,-0.21852202100265872,-0.101404181662815,0.5166013663127457,1.356702362872021,1.6201450216243993,1.707581992709104,1.7376245089489788,1.7101052242547066,1.7311384424773086,1.564134715724232,1.0184086855674792,0.17845537945201057,-0.16565247287759272,-0.22412771944823315,-0.22576278913073697,-0.2336330706913767,-0.23709880319143797,-0.21998054332568986,-0.2451140897051699,-0.25898501187109696,-0.22894536199614782,-0.2445485653654316,-0.22914785119318767,-0.1909675913446318,-0.23083410979365568,-0.2608323799082551,4.5986519171808915,1.0634012211241384e-05,
10,-0.2433805524747029,-0.22941685807190965,-0.22647643507899487,-0.2556604246008358,-0.20788635993839924,-0.13466223735016675,0.23376397790258444,1.0963761716295866,1.584838951776199,1.7318716798014737,1.7456033101651636,1.7282339581377468,1.715543992767009,1.6589702993321727,1.3980985402898092,0.5173045764013666,-0.06431612617478315,-0.2174573971974289,-0.2713987760677481,-0.2430867322962643,-0.23985377468998725,-0.23016680107788576,-0.23188543773496678,-0.24177117028395734,-0.22627607984516804,-0.22182059620035127,-0.24683703976192384,-0.2778259038841052,-0.23363432811352308,-0.245212078639079,4.6657550484263615,-0.006710531417925658,
11,-0.24411409743027848,-0.26675968112443,-0.19904300909777647,-0.2605556775630585,-0.19276945338502155,-0.06442269442348403,0.5306282378931892,1.3495955348712874,1.6426174124239312,1.7066034805323447,1.7174693794338258,1.7335219981958978,1.6880741189347628,1.5813015822249772,1.103980928981454,0.2499072770398662,-0.13399393172355958,-0.19165002775802914,-0.2348680913397264,-0.25694710474913446,-0.2441046275662564,-0.25098526995215664,-0.24596471572241224,-0.22733835815982614,-0.219493480146776,-0.21297618871413646,-0.23782208929184062,-0.2158183609747158,-0.2448305375220884,-0.26302104117890795,4.616903100432357,0.003240142644796662,
12,-0.22991737358267117,-0.24054223673825384,-0.2859819321312077,-0.22017170497956695,-0.18683300819790116,-0.16361300497510706,0.12086492410174023,1.0172595781333784,1.5369880246037784,1.6882773147197976,1.738318751005719,1.7362575929702335,1.7074742581464426,1.6395894616019573,1.439318888939841,0.6416299126326643,-0.04257370500785149,-0.18858983152532913,-0.2303966343063315,-0.21467745107696823,-0.2540743948429838,-0.26912512541034767,-0.2264522502806984,-0.25713822740162956,-0.2555254188239281,-0.2265904488471322,-0.2428787661562551,-0.20570101269237512,-0.2581816463515673,-0.2760170780217998,4.630313473918804,0.004081177795003388,
13,-0.23220442704804162,-0.2377664834377807,-0.2153080867214922,-0.2264207844277633,-0.24213372604107355,-0.17353912419037767,-0.0885654963319171,0.5472067028923956,1.3838065842907903,1.6556037397831052,1.6781221141091145,1.7192050486079398,1.7333698649359137,1.684841236826687,1.5591787365792529,1.0937418380445083,0.15630828668080515,-0.17798540018987946,-0.2073530170214256,-0.2589612468718713,-0.24009853565227546,-0.23939459229556206,-0.2381011587566941,-0.21869372227345327,-0.23291885999313908,-0.23504529500829796,-0.21250712435525468,-0.26743831067241275,-0.23756480656963433,-0.24471236223560458,4.607658716668824,0.003145437572191767,
14,-0.2437600764836908,-0.224704020967671,-0.26386668997149204,-0.22703691962840297,-0.20352079861691724,-0.16672400649299574,0.1473187867433923,1.0260713309003828,1.5852358612665567,1.6901192639625235,1.732564957178475,1.7159865243882464,1.6931698829436506,1.6743907952012895,1.3999468007739202,0.6598462474545996,-0.009006854258457608,-0.16785265385860026,-0.23778315605300093,-0.20854010404329676,-0.2439550381359619,-0.21942469186500704,-0.2666729796949127,-0.24532433659211234,-0.2669724245521883,-0.248878069261469,-0.21818279368651725,-0.24948196701590553,-0.23704266506950974,-0.22543709950218702,4.633968579087966,0.004579370826054974,
15,-0.2293801798041022,-0.2625372875237546,-0.22221406083518228,-0.23860551078394474,-0.22375960803928466,-0.11384425373334761,0.29809203016961183,1.205200141019849,1.6387202174608912,1.7236558820722085,1.7235036260041747,1.718253636607859,1.7070682742131968,1.6540831137832064,1.3094576236266369,0.4389447327775528,-0.10804791288864361,-0.21920852852556272,-0.2785034169772661,-0.22367816112460903,-0.23564299502681876,-0.25862475946512836,-0.21510728209563157,-0.2382339264675321,-0.23370264675149438,-0.24665317442577883,-0.21572345629077025,-0.23306200665958923,-0.2072449052818162,-0.23988021199845513,4.658164065586427,-0.006961592639254999,
16,-0.22876349535449034,-0.2565989378123593,-0.24617447892163838,-0.25244812310002557,-0.19272069602565098,-0.047123994328449686,0.603814913286424,1.4227620838011286,1.6173135923807205,1.7301799777252527,1.7148929283233212,1.7105373669575086,1.7008652629047187,1.557514054065533,1.0129004206800587,0.17874690727299197,-0.15912350009121018,-0.22217809566618651,-0.2190672348014246,-0.21228256220003594,-0.2201870289172935,-0.21882499318347806,-0.25341616212046936,-0.24725891789799123,-0.2274020629482579,-0.2125550398759899,-0.25739604905074365,-0.2045814698121019,-0.22694360355298546,-0.2019401698944676,4.605452018788448,0.004525116632185688,
17,-0.23884074801388097,-0.2372529008063058,-0.23980793503955466,-0.24850530988281724,-0.2110345649181457,-0.15378026144930276,0.13671691758300591,0.9975270973356783,1.569791457502445,1.7210611275901255,1.7075751287733572,1.7117997738617503,1.6932427628396736,1.689735048193753,1.4420086092611937,0.7151236881983685,-0.035123845430426126,-0.14204943368729736,-0.20663649529516073,-0.27518651155600793,-0.2409774750050543,-0.2595561425097084,-0.22394807337694847,-0.24976889933737148,-0.25954471201431556,-0.23631780081913914,-0.2687193966070167,-0.2728955645461744,-0.2459101610649081,-0.20203287913364845,4.652844516127403,0.0032325692664108008,
18,-0.22064452193878287,-0.22510144710324906,-0.26080889693992537,-0.2162012912003276,-0.19780146192487158,-0.04239068506162397,0.7229998541112709,1.4896486077778834,1.6818222024360003,1.6817778048562932,1.68554244568933,1.7626708155127455,1.7101820470750906,1.5921547294357608,0.9989817212105475,0.13326726115685442,-0.15437032131330156,-0.2506565100972147,-0.2167841071881823,-0.25655080852878487,-0.24336736765133216,-0.24716469573444225,-0.2648122929691348,-0.22562365965603487,-0.24547919682534128,-0.2625574874834974,-0.23819077719331408,-0.24238592267779507,-0.25347741280457625,-0.258169709625384,4.6790595368670695,-0.0023948137669087544,
19,-0.23160316012905421,-0.2483252911738567,-0.24379463228179438,-0.23505786907641796,-0.19034567965668586,-0.024359102251489073,0.643194222621161,1.4112438385878696,1.6474701841320758,1.7415100022160608,1.7400035123874353,1.7083723099602106,1.7194148093824506,1.5422712096768736,1.0315518869188414,0.14911815548196308,-0.19617326766003393,-0.2136052718127742,-0.2088809161835448,-0.26169430547797007,-0.23451684528265512,-0.2658946944413812,-0.21378762722940925,-0.25819250052584936,-0.25384424526723187,-0.2540824168797185,-0.24170696847932724,-0.2837602274911577,-0.26117904966451355,-0.24171895276482588,4.649245669514733,0.0026001532942908634,
20,-0.21473215157053116,-0.23829218881879255,-0.2212253415894744,-0.20772424769300285,-0.08809243190257515,0.4122603168534168,1.285126888628424,1.6155951696017392,1.7015685769648272,1.7283898645665423,1.7218878433807099,1.6844027484093502,1.6306826761028355,1.2110319124335274,0.31783820235765275,-0.14591402031126605,-0.2412996686686177,-0.21200508163948953,-0.24255200686297854,-0.24256250935049203,-0.25126359678631693,-0.2606367413675445,-0.26133284982095595,-0.2746162386560051,-0.22298936668941535,-0.2770131102288909,-0.26748641523354266,-0.22913890502246187,-0.22656973692663074,-0.190349793342051,4.626111673846877,0.0021513731348534737,
21,-0.23209721822199103,-0.2600485514998563,-0.23695954689988083,-0.19441582329788104,-0.09464850226074548,0.27463901359441867,1.17419364602461,1.5972029488807349,1.7063479488405617,1.7504508630272746,1.7708824784700319,1.744027021450096,1.6968302043929184,1.2953408359006597,0.4722622429024719,-0.07570433079196259,-0.19463747259780384,-0.2131618249593893,-0.22472914142327194,-0.24258877220572564,-0.2309773431475199,-0.2208373540060189,-0.23588290379768667,-0.23606217717056305,-0.26147295545260607,-0.23049120024752645,-0.21499184484142925,-0.22377705837657694,-0.23918838701386158,-0.25486951981409783,4.681345538862392,-0.008492997308436112,
22,-0.24299875788596143,-0.2648072525243974,-0.23924385934874418,-0.2035539425457226,-0.14755779736062602,0.2241474746432895,1.0923314328406646,1.5898479447464204,1.7013504194201716,1.7232047366545202,1.7051512422883317,1.7080885296346846,1.6318060337585956,1.3578320364464322,0.4893886128859683,-0.06463439617572565,-0.19745562227985733,-0.24499707777562763,-0.24072706499296292,-0.2204690248138318,-0.2248536208947152,-0.24008908157995085,-0.2373769125357228,-0.26293389365945913,-0.2371974722264842,-0.24148052815473464,-0.23197484443592842,-0.23739683472261505,-0.21477744256358736,-0.24090520536028998,4.607400311318323,0.002458389832920793,
23,-0.23592015903185679,-0.22438004175676743,-0.21594823248543515,-0.20405684719618297,-0.2019393913092902,-0.1570054810422614,0.24555128800094145,1.1515120652116722,1.6090313566257977,1.7284785702111582,1.7299358887982463,1.7117657383392517,1.701281043284377,1.6401120791616566,1.3448596251681932,0.4933752560422955,-0.062443781857777436,-0.22747420739865856,-0.25705698379969016,-0.22999933914183093,-0.22597674595030648,-0.24275786245574876,-0.20452700353758724,-0.2488197475310782,-0.27632619486712506,-0.22340653032953875,-0.25071166879945517,-0.23646581422009647,-0.20112552301788578,-0.22427674418056887,4.637452598540288,-0.0034852772279585498,
24,-0.24962993545032378,-0.2250289788827749,-0.24032116680840457,-0.2352058987590074,-0.2276176248988961,-0.1816755120336371,0.039703133283217576,0.7870565989720933,1.4431197277312555,1.6475619269909152,1.6910757244518917,1.749467911745942,1.723793885161444,1.6664727022331602,1.499285240061431,0.8236822396329668,0.05814246477500884,-0.16020769976269683,-0.20746028469367678,-0.23075392564729053,-0.2520886379431119,-0.23808330220766033,-0.2422187279989889,-0.2879338833679299,-0.22204908806839413,-0.23956609311574462,-0.20344303212782938,-0.26412330407944573,-0.23233471078957132,-0.2527439194229663,4.5877079051820555,0.011428139371353674,
25,-0.2273204856541141,-0.2596230348922286,-0.21775719171746127,-0.2508141647048734,-0.22321861325011857,-0.1961804283260737,-0.07072058989254854,0.4237973353465542,1.3072138476395057,1.6712080013033046,1.6988870781340735,1.736768231315067,1.737001588159574,1.7022917011909902,1.6046459897919316,1.202576224867823,0.3116014887243792,-0.13238945561194287,-0.2049127194056979,-0.20691512654514274,-0.22979048287243434,-0.21470250552103792,-0.2383313095406838,-0.2671649836615612,-0.23864982693403103,-0.24628186605974878,-0.2535878512940148,-0.23339637712272077,-0.23271536340831703,-0.23870848938912256,4.64937969287982,-0.004528707634081197,
26,-0.26103720425894206,-0.23940448691947774,-0.2215174849580069,-0.2234631508072152,-0.20968732794052872,-0.2322634644417189,-0.1763659256157571,0.0659413665524367,0.8373156651582152,1.4858865854067065,1.652208415325088,1.7235093967831845,1.746258508215764,1.674861956213392,1.6575058254981976,1.4557484471924846,0.7988516469743525,0.030098389146087753,-0.17342854554243647,-0.19207059531516774,-0.24301705415320507,-0.2512040162671301,-0.259538343179787,-0.2356188975955192,-0.2156386587426433,-0.21902801423647417,-0.2283327770371093,-0.27320375444254846,-0.23880390594226802,-0.2682843615153754,4.5814301337076175,0.011970487602563362,
27,-0.24479469260982223,-0.2367984153525177,-0.2470500256894525,-0.24356708639491462,-0.2422524102705436,-0.2553389358209223,-0.2546148863827197,-0.15245092518114836,0.11239311531330422,0.9548494704013446,1.5622869140509745,1.7076337879042347,1.7329289185785735,1.761722396001697,1.7453710820234665,1.670650948896936,1.4404893766720586,0.6827931861701739,3.630550837913863e-05,-0.20771046552043526,-0.22673635939983475,-0.2390851281428048,-0.22751295177922917,-0.24156857748986182,-0.19097747167673457,-0.26174416957554997,-0.24179712146650303,-0.22761286193515115,-0.21930443671607147,-0.2335527281119603,4.668456159951362,-0.004629217092418814,
28,-0.25018411069062846,-0.2522240566149906,-0.26041745880353184,-0.22547564900121053,-0.2376760537867364,-0.19719673045034775,-0.25826385126729134,-0.22330755542566072,-0.14211080077088173,0.2715340884230823,1.1754135247078814,1.579336270916514,1.708133886277184,1.719801140378028,1.736494078376024,1.710947493755353,1.686281939282639,1.3524111705336288,0.4959478438447964,-0.11338309454933027,-0.18385586462814588,-0.24127317255227718,-0.23192660441266963,-0.1942985756687805,-0.23320402036665394,-0.2287839364275285,-0.20379090311891823,-0.2696197718000968,-0.23122036342828922,-0.21636203766886533,4.6562852811478255,-0.005817575994349733,
29,-0.25589996585332253,-0.21213101488141678,-0.24162598984020267,-0.23043271564777013,-0.23495662768772552,-0.2323372713108543,-0.22310161695646,-0.21052860404030507,-0.1581415958041174,0.17081911555488813,1.0359580421956807,1.582945466339618,1.703061409727786,1.7492859430576864,1.7427247119877844,1.7362205994271322,1.6804169384190004,1.3857047295142397,0.6243090316449298,-0.037241326394145124,-0.23261713379825508,-0.2585117749947874,-0.2547373647249675,-0.25507079773576813,-0.24401440956738243,-0.24548089881064955,-0.23153608150972754,-0.20855361573522735,-0.21547930076927055,-0.26173389454066337,4.667782652029023,-0.006462484604489505,
30,-0.23307611775879092,-0.2243576916032046,-0.2352723814209134,-0.2584561328925391,-0.2411637406802882,-0.214279553290384,-0.22238679035422723,-0.21438352243336728,-0.19139332488233746,0.1412476802675238,0.9815025866769794,1.5467762898531883,1.723139166189022,1.7450914419493468,1.7114652400902293,1.7555773524380587,1.7024264198749761,1.4495306305072475,0.7169374485720389,-0.019526439055553443,-0.20408779296968343,-0.2448022044981217,-0.2399432948020858,-0.23822834996376407,-0.2564807052946026,-0.24117031575277528,-0.23989219893285918,-0.27623792626510896,-0.2349912372165172,-0.20985263891725112,4.685211917424865,-0.00609056736429503,
31,-0.24823776579007348,-0.22843337060477303,-0.21693925796078078,-0.251516239460135,-0.22242384685361855,-0.25724223283707887,-0.21672945162908383,-0.21114606902522493,-0.14415046124956316,0.031952071378969986,0.758736944508382,1.4523937686241897,1.6855379879992611,1.6782116157505877,1.7496026126321542,1.712351260179974,1.691278849368134,1.512209652800398,0.9365971132603634,0.04663535026791836,-0.15922534426416088,-0.17187901050024007,-0.24634731977002133,-0.2688219044668006,-0.2517105094548602,-0.2425308471792285,-0.2676759211452899,-0.24011603910099721,-0.2245527906921322,-0.21426856849287443,4.620736356088911,0.00957064286703413,
32,-0.29015973699668934,-0.2323027127996674,-0.22436255813433692,-0.2484177886875491,-0.12796129103010856,0.23968849764579797,1.1726775851519564,1.610937704877719,1.6991440643581412,1.730029770935975,1.7512977472376836,1.718129855276666,1.6602203644360247,1.3368479633798183,0.5159754436866162,-0.08825841674042932,-0.19331875251347055,-0.23253854412141953,-0.2377316337287502,-0.24363559748441538,-0.20678722990694554,-0.2579515526087964,-0.24559910173899036,-0.25015969238819113,-0.2646161538890422,-0.23693284185866528,-0.24899748832246085,-0.24126288726527917,-0.20773773325490694,-0.2614557834373234,4.669940787556618,-0.014132227103908046,
33,-0.1973967190545563,-0.23112278512711149,-0.21538765459390447,-0.19142104652514594,0.12270584889106667,0.987860665876303,1.527644770992878,1.7167533061707627,1.759644993866207,1.720663824823134,1.7501457509052338,1.6770406524878299,1.4534781991586372,0.6510947363884986,-0.030589476357476865,-0.1777545600339268,-0.2507621139974624,-0.22851420503363287,-0.23435788455958453,-0.2755739190170926,-0.24242522678586098,-0.23360655679725903,-0.23886235478399745,-0.23885526598120826,-0.26974086195562735,-0.22860778344897228,-0.24615504800047813,-0.22048781660518413,-0.2631101708470292,-0.2439889595273703,4.667467091373235,-0.0024254662796189264,
34,-0.18274636734057617,-0.2677888114902769,-0.20580016813222504,-0.15093969779995092,0.1607886846937263,1.0097662116502442,1.595311199089819,1.7048869346986144,1.6980556289050734,1.7317631703133802,1.710650298195909,1.6811491878992182,1.4614782609140178,0.6846311768612118,-0.022292053711233627,-0.22625735462730193,-0.22138316167291702,-0.21145894750538718,-0.22985174518720694,-0.26540053799344376,-0.24410437033088803,-0.24608434514682023,-0.2477503117493758,-0.2458045946074684,-0.26351351570772896,-0.21077983708712256,-0.25494801916168097,-0.2358835219488572,-0.23098464458330634,-0.2481042308243824,4.665517020043063,-0.0012934188424228443,
35,-0.24100194237445094,-0.2238347070463889,-0.2172002715313172,-0.18376620663829402,-0.04833751736319124,0.5409058298471887,1.3767512948793568,1.6728863606701148,1.724198966272923,1.739713355422766,1.7499088433576193,1.7190766480651396,1.5737027807554231,1.0702759321150588,0.19173120599136073,-0.13917864017544748,-0.23984669634612568,-0.23146994200923476,-0.2610484720735398,-0.254149612742962,-0.2424026380632899,-0.24929466764514388,-0.2740081611542656,-0.2432847494638699,-0.23519976806920576,-0.24698310092528597,-0.238391487139143,-0.25451062941137004,-0.2274396045855447,-0.2454939408310718,4.660687804511531,-0.0031770997272627666,
36,-0.23713465047930202,-0.23092558449085016,-0.24756864621520186,-0.23585962743502695,-0.18040090925112903,0.0951285093347676,0.84848995794409,1.505326521460491,1.668624251471812,1.7342384547908416,1.7400307735753942,1.738716732115798,1.7043668392466829,1.474519511732491,0.7328810594001768,0.006620756815130264,-0.18006353714345455,-0.2287748774936002,-0.24276370456518026,-0.22343937242334058,-0.24284654939785855,-0.2280611233992047,-0.2171326346852906,-0.24491284678536301,-0.2360108775556506,-0.24747562475579957,-0.23383468274531083,-0.2054062536088425,-0.2153128756958339,-0.21170402987147974,4.629223621848897,-0.00022675630013690995,
37,-0.23364716595598167,-0.2094264397181825,-0.23343097739779828,-0.2177997291319033,-0.19132460349556685,-0.03551730029444063,0.6672312963089754,1.4148312995927097,1.67518439349878,1.7363047622843508,1.7240255858187474,1.7743816214777945,1.7022032346796832,1.638943690923363,0.9806765292207159,0.1564763933559843,-0.1672840405978995,-0.22141859033359862,-0.23973595146902008,-0.2456176676982068,-0.23740526947531446,-0.2488673432265493,-0.2236113115271524,-0.23999911491893783,-0.2507027404010624,-0.24347915423520386,-0.24413300662152115,-0.25640920530981515,-0.23879353595435648,-0.23825302798970993,4.688144690646784,-0.011810283174487068,
38,-0.22456984151926934,-0.24970154140820155,-0.2590292982126114,-0.24375824631654264,-0.20516993219096946,-0.21010656660453886,-0.11560756982035708,0.2682538630126612,1.1411256154366927,1.5869750893794394,1.7240286014582937,1.7647598099853548,1.7529639161643602,1.7270773147792213,1.6533753797207662,1.3562749209839564,0.4870051214634327,-0.09082970586164989,-0.2020303323053941,-0.20235182497151288,-0.2557394263594522,-0.2172712667002284,-0.26037565684879954,-0.23944339437674786,-0.24719732281030948,-0.24659609553256237,-0.20393916903218942,-0.23701936859894548,-0.22184851632568597,-0.22343795097077643,4.672336955672946,-0.0094669358438485,
39,-0.23692751078597685,-0.26356104349458304,-0.24884565577236334,-0.2323215875932505,-0.25810874731080874,-0.2012060269456599,-0.21778736705886556,-0.08261234759163075,0.4513633508573951,1.3194596552102902,1.6653876585278147,1.7230038459167687,1.7290023853017582,1.7155925427671141,1.738368865457313,1.6286383108634919,1.1987297158693049,0.3109056677568011,-0.14127072630065732,-0.23354594477440024,-0.2342812076187073,-0.2469288951560274,-0.24290026460338868,-0.24300427170599198,-0.25207608641056367,-0.28147286806485894,-0.2326086241104777,-0.2383008552986973,-0.25897935928331756,-0.28419090000509095,4.684062495971461,-0.006863430074507626,
40,-0.2453943060581784,-0.2607736765628769,-0.2458056598154792,-0.26605529362470387,-0.243765866338262,-0.24225606949620834,-0.19850290182413657,-0.1834171929125806,0.15966381917577763,1.0000123074351168,1.5207389680003771,1.7180983112129782,1.720242491586192,1.7241371227412468,1.6733530914514196,1.6893951366885964,1.4377620692468818,0.5911410057935961,-0.053004285190657155,-0.222814083823439,-0.24071934565031394,-0.23668290866941374,-0.1884138508682947,-0.22096299470451833,-0.22242008070842617,-0.21152646754567392,-0.21677671784169747,-0.22485447964694052,-0.2500957462297213,-0.2215594531991776,4.614911921768542,-0.002215349791831356,
41,-0.24374042900302906,-0.22878531578431854,-0.2347623075101125,-0.2593136744696857,-0.23602407544298526,-0.23064138542159798,-0.24304644020601895,-0.2226154055672024,-0.1323016403381074,0.23914383669820738,1.1243075303726942,1.5824587290548469,1.7225296888982629,1.7525562148318934,1.7319935723634192,1.710384907278967,1.7034645472088439,1.3704989937368814,0.5008277805551635,-0.09478608249443224,-0.17460472614653816,-0.2348351015877341,-0.2191696175508185,-0.24139895089364422,-0.22917318485548863,-0.2493836230242355,-0.2363359050032964,-0.21194274310737427,-0.24481648604243578,-0.250925584462296,4.672104268490852,-0.010828451252754112,
42,-0.24713588619868085,-0.25281365340619993,-0.24125470170953017,-0.23158306886488408,-0.2215970444724322,-0.2143237120962268,-0.27954993312431436,-0.22492997752172608,-0.2034222937733407,-0.046747055946444814,0.5745648914054106,1.3503138429062682,1.6617928785744474,1.6977912692557884,1.7603470998861843,1.732816114436293,1.7139397928665374,1.6099802755856492,1.1389108645325683,0.23392963550103937,-0.14664520152507,-0.2513106097695367,-0.24320607885368464,-0.2362173874761399,-0.21352229029987926,-0.23483618517332888,-0.2363195798384056,-0.24473484800492054,-0.2761468885076762,-0.22380495528591887,4.671945424250454,-0.009180530255316843,
43,-0.23716134950784443,-0.2250994932810678,-0.2615298213795472,-0.22807677778351348,-0.27114511185374834,-0.2461745385261979,-0.23142936021877442,-0.25050575587372065,-0.2396149842890278,-0.1766041721656433,0.046613654902890614,0.8462588587414337,1.4701086390976716,1.6676459073045042,1.7375006433175992,1.7427077266838618,1.727572321000773,1.6984538170204948,1.4784207632310549,0.783528938704936,0.07815043523160452,-0.22465809298621897,-0.26396942425621883,-0.21112748656762712,-0.21903311909031212,-0.2144773553257005,-0.23104678146955543,-0.25568053576983474,-0.2588685344701766,-0.23814469266429325,4.632395291271029,0.0007016636370343887,
44,-0.24576385472477044,-0.24056084500138325,-0.2159667792367411,-0.2531590309911027,-0.26581477428391354,-0.20431638145299708,-0.20868653967999592,-0.19584508118287003,-0.24027580240204904,-0.1608515516077466,0.1150946266860757,0.9945223508851561,1.5033567263953376,1.6571918109309116,1.6998732624611304,1.700117803871909,1.704184660925642,1.6541326801517593,1.4248636567351112,0.5792838484078443,-0.024240681164219017,-0.20093821215700255,-0.22362785174926997,-0.2372386374906139,-0.227343496944044,-0.2567249687238947,-0.24184059170355623,-0.21545255651452333,-0.23650181246449833,-0.21322919498074416,4.557733280470865,0.01215498338494636,
45,-0.26458251920754094,-0.2818290447876804,-0.22237549171383658,-0.23326869886612642,-0.2387625552322944,-0.24234527761504723,-0.24592020117117236,-0.20342562576304257,-0.13080162954501845,0.48644566005494777,1.3297968518384755,1.6465977692722285,1.7282399883399902,1.72817485087949,1.7103756069645923,1.7217083568169684,1.5618326460296295,1.0875057467168616,0.264499844016904,-0.15030818323267853,-0.2334638772768239,-0.2220343078419603,-0.23200194629494214,-0.21316061506107778,-0.23744343524406716,-0.24656656501953128,-0.2027088080079733,-0.26010861743026376,-0.22675194538397964,-0.25437289365155313,4.618116081340739,0.01973978983262803,
46,-0.22696385043053882,-0.21603399382144256,-0.22696183569926556,-0.11450612760053817,0.35953459917947395,1.2859082407051967,1.6059481089077,1.7091433571949963,1.7125536377503905,1.7247023078223618,1.694000505366405,1.6719875734894516,1.2490955738976888,0.3478907049490361,-0.13282104133823586,-0.20200346012971288,-0.23951710234252926,-0.21538934497419418,-0.21250050697849826,-0.24230095495879164,-0.2483492319332083,-0.2231224947563219,-0.19911213681900536,-0.24969666243077038,-0.22922833843905072,-0.24386456984757013,-0.19837882806931317,-0.2626194630218582,-0.24516192793333505,-0.22895177336549333,4.63811912792135,-0.00708013085720649,
47,-0.23478609531475592,-0.21392437719576327,-0.21210022931604858,-0.11344860291033684,0.27186518890214406,1.1430154316140158,1.606413568740748,1.6958027655076169,1.7177246418217884,1.7360643258360176,1.703986505757638,1.5998887648061302,1.3020703219190815,0.4253924205391122,-0.08410334527769373,-0.2176295861914556,-0.22679255508011673,-0.23524848295604928,-0.24709687506791683,-0.21264593223549538,-0.21683604108702673,-0.23140884160678912,-0.25779379082435744,-0.24817257712368895,-0.2334789922231422,-0.2618376666389003,-0.24741339288047623,-0.23867173897892535,-0.21340467943499122,-0.2558279600162597,4.598679215488222,0.004209771083446445,
48,-0.21632036590188572,-0.2303249568807186,-0.20807198781902533,-0.21039607942301222,0.0647296271513158,0.8944062528041475,1.5554759962701417,1.6887921317557222,1.6819862555192455,1.738265203231713,1.7044551948325153,1.7121631489126865,1.4773817380806693,0.7578236721053606,0.02280933557955038,-0.19711167063124563,-0.2481134416377769,-0.21112378694512524,-0.21863055833399087,-0.26157282957277905,-0.2364648627244229,-0.23593952934984266,-0.24587420645208852,-0.22969448957303196,-0.25136649301150077,-0.2382138364878622,-0.2109901689718368,-0.279032727382152,-0.24866355667377057,-0.24120216224310978,4.64286454425612,0.0021662321678466157,
49,-0.21640299280471847,-0.2153881362637192,-0.19631359248899666,-0.08632688627871352,0.5478489078510319,1.3900812496495016,1.6468710856195234,1.7221109723242691,1.7199171362778172,1.7361122841291101,1.6934872042261617,1.592479743563733,1.106244096522051,0.20154011085776233,-0.16932200065906947,-0.20810382541065092,-0.23203158143464095,-0.20512248982232256,-0.2438663431523771,-0.24318707259011338,-0.26076759428197155,-0.17540729595508256,-0.2475810939092306,-0.26171949622302465,-0.23660110355887112,-0.21361624140230884,-0.24333887166289223,-0.231964137904506,-0.24705181650908528,-0.22130826370610163,4.640013173269042,-0.0018249492655233457,
50,-0.20829103588432013,-0.23560209376137425,-0.2235665202115518,-0.21155882148564142,0.013516179370427749,0.7147327466993402,1.4938168782349404,1.682866933126596,1.7396491698553134,1.710700064480161,1.7359334152579562,1.6904339103870691,1.512612692604741,0.873354661471184,0.06522602168746934,-0.14036816027984048,-0.24151016913198906,-0.2380821706608207,-0.2290115518423768,-0.2200225681879779,-0.2388320992907311,-0.26565192146056665,-0.2294290630884836,-0.23109283321008947,-0.250412482982459,-0.24605355409471769,-0.23013198498065376,-0.260226597131039,-0.231629322427891,-0.2712809278561492,4.635460021729551,0.003876091678448046,
51,-0.2589145660998154,-0.22572455802971497,-0.25840545006876736,-0.22777047164471473,-0.04560884665289831,0.5195733260543711,1.3485109939394424,1.623128278566537,1.6811605867342594,1.7255024323904746,1.75583438753873,1.6641329619567804,1.578935312352216,1.0697271023824277,0.19236341648692526,-0.1583376430820407,-0.21182603122945676,-0.27879039104613634,-0.2622474793075003,-0.20665314776422153,-0.24222044003523752,-0.2226405011060865,-0.23854506644949908,-0.25027336883590184,-0.24507209163824403,-0.25273087438983377,-0.22126975339157606,-0.2516932163052286,-0.23775647644952697,-0.24117313390323028,4.596724274327869,0.006543061765314162,
52,-0.24849654799617674,-0.2599737982292311,-0.22557745732418802,-0.1684219189556203,0.24098663522138314,1.0901580041352272,1.5884389103128322,1.7363074154972862,1.718093670943969,1.7567002999969303,1.7526840860166022,1.6512723352091399,1.3919816982721782,0.5746608139300556,-0.07177964812451837,-0.17970043463484717,-0.22596726899961597,-0.2595361651385739,-0.24456591532031643,-0.2177468723101136,-0.23144824715580947,-0.27176407692643184,-0.23904383206844892,-0.23937817452890825,-0.2438336280533863,-0.25789769575519483,-0.2446684968571234,-0.2118272213198229,-0.26866100964049977,-0.2461562363835725,4.686761185154447,-0.0055869687707235105,
53,-0.2386089746657476,-0.2380989240993552,-0.2529618810645972,-0.14144369602496687,0.28534469994204403,1.2130818163321704,1.613317924032317,1.7189097720986264,1.7375489394892565,1.7650414788036768,1.695082127294638,1.6389793259984133,1.3419991680043009,0.47030860280577746,-0.12654938448532493,-0.2249090539883824,-0.2071307848758714,-0.271251213165575,-0.2560900300786053,-0.28059521189140996,-0.23732820228907517,-0.23438017919384146,-0.2670433795879564,-0.24401591669994624,-0.24852452543165027,-0.2171361493759336,-0.2647690164010708,-0.2047137078244564,-0.23890632973745635,-0.23899231365276874,4.682823767537807,-0.008237003353436578,
54,-0.21608061011720028,-0.19523976510258834,-0.2490025066199311,-0.13582805230450926,0.2331691251567305,1.1526463472017927,1.619347300012102,1.6957819898288347,1.7350224526032931,1.7028353623271626,1.7130887910336412,1.6524980887387888,1.319668366339882,0.552973636137151,-0.08674206396802772,-0.2078886006478334,-0.208947132454394,-0.24410163435392201,-0.21653826016808256,-0.26313149395109076,-0.2246305674099378,-0.20921864065491372,-0.24029177700869178,-0.245415493641002,-0.24414953397185618,-0.22067284755114885,-0.2315766899686268,-0.2344862333814895,-0.2783276553792821,-0.23591273722836484,4.6369402742309065,-0.0005308429782973079,
55,-0.22580548936490952,-0.24301560071305184,-0.20081267836508832,0.1082964662509692,0.9394150423117423,1.5318412391867986,1.7003785249887013,1.7030866412088996,1.7056013002547854,1.7076326940640718,1.6419553858248142,1.451950267227887,0.7413539304071188,-0.027138371403995585,-0.17981021624579907,-0.259786003449636,-0.2388905038922445,-0.2518941833191175,-0.2565497410891525,-0.24498254564691269,-0.26075880965402304,-0.24638461585863525,-0.25733552822984024,-0.23422091937584313,-0.30616205912032646,-0.24710512624398842,-0.23680636930491994,-0.24342048418386464,-0.23435226102169024,-0.24565088999264462,4.619943755058745,0.007885998474840838,
56,-0.237271892688181,-0.2522052658452991,-0.1562784480603819,0.050934387721849265,0.8569045863160241,1.4919340332212871,1.6659568199725618,1.747433236387859,1.7015999261702026,1.693994622922003,1.664684091444972,1.4849542457315996,0.7869970084716272,0.022628474524058126,-0.1701973817438032,-0.24391067144545558,-0.25584961582001436,-0.24456868956150168,-0.2556602447423024,-0.27502968252936794,-0.23439561084280386,-0.2484689123879414,-0.24511645213377073,-0.21893959977691094,-0.1993512283103611,-0.24387715777680857,-0.23414522220030662,-0.2211513693197657,-0.22397912647433926,-0.21508777681277294,4.6017407567222905,0.008345316712948692,
57,-0.2210644614372604,-0.18192719763417592,-0.10270983990627494,0.4314562650178806,1.3120792143048623,1.637211878640278,1.7319278917910366,1.775600602660637,1.7446276902371534,1.7194290693313767,1.5857832581381832,1.2297734347120195,0.36578219943179757,-0.11848454391637013,-0.208587165759847,-0.24713104259571025,-0.20340422526972768,-0.23413914828196816,-0.24365442526391226,-0.23370204087989996,-0.24151749597190397,-0.24421600054612497,-0.20518525122229397,-0.275423355612824,-0.26915900112340807,-0.23514304662887223,-0.2275804340070212,-0.2250990121724472,-0.2530802426998738,-0.2599154202058969,4.68194026400406,-0.010622751004235043,
58,-0.23449182584878892,-0.24266978152422375,-0.2487809218877096,-0.07836542346282349,0.4770022931512031,1.3564176475788041,1.6129654537358258,1.7191238297743987,1.7305104185538216,1.7231545373866644,1.752838939552439,1.6122180565750723,1.1496515340158575,0.22527982061447802,-0.14091442282943303,-0.24027872031434203,-0.22652639970679758,-0.27232494894157594,-0.23269963753926454,-0.21506952291904127,-0.2372035238270513,-0.24163557263212315,-0.20477148026321002,-0.2450522004527168,-0.2770708248928121,-0.2322109233848945,-0.21987908043444906,-0.25454607116981726,-0.24006781562232687,-0.2346970277691163,4.657367533010434,-0.009000861106587044,
59,-0.19484421836344723,-0.246864396168956,-0.22692736486545348,-0.21339549191179152,0.03788243623116177,0.8498538455490976,1.5118555439885224,1.6760625268234035,1.7494742780261907,1.743867914831627,1.7393101751417592,1.6823565945721284,1.5174500573738587,0.7841013170970362,-0.004503504032660954,-0.24224616710994504,-0.2228288311798332,-0.2132351947900706,-0.22622772277019274,-0.23071077953721558,-0.19564586436222106,-0.22412953620906007,-0.2702857922536903,-0.2443994046426971,-0.21041876997155473,-0.23655828642156096,-0.22741304192793904,-0.2320331451149419,-0.2649301000653781,-0.21771582709750772,4.657483964427072,-0.006587581057654002,
60,-0.24826258484459857,-0.23291383070706154,-0.2631382413123886,-0.21546850221722466,-0.12395112132310271,0.35028653054187164,1.2274628200027053,1.6215332033664092,1.7083935250751194,1.7171780932135319,1.7365562438200453,1.716102500717191,1.608011011730543,1.2461125054773037,0.38652204518625416,-0.13254745128657083,-0.20048956038922844,-0.22071354636239454,-0.2499004445161223,-0.24486492625676923,-0.26625337698487794,-0.24986535094722473,-0.22245611240396418,-0.22507236219221555,-0.2264688332213503,-0.23136024105678124,-0.2206781246573069,-0.18317958160566566,-0.21255209430427446,-0.21042193399809148,4.621728232322474,-0.007221251714014443,
61,-0.24966783622392244,-0.20441093575159394,-0.22911007461673843,-0.2386461866702765,-0.1700716150023908,-0.04873242651729531,0.6801408321669736,1.4185979377128122,1.6621597065202642,1.734465087520587,1.7091429887409213,1.7302775079893493,1.7028626969386969,1.5135871581766474,0.9379434825223149,0.0766431170158365,-0.20342832725904497,-0.22856034635994701,-0.26800722916940606,-0.2646997271821311,-0.22948732899530802,-0.1655991130623231,-0.27857252919797515,-0.24745469269820264,-0.23542559354275305,-0.21988560967169063,-0.2299019077064172,-0.24607386799043676,-0.23834660840652133,-0.20793151131511164,4.6102075060100045,-0.00025092102288692963,
62,-0.23887356747008612,-0.24921751368725562,-0.228417181313473,-0.22990289660958133,-0.22247918723499918,-0.1712445506191242,0.04230314903523255,0.8589199045506541,1.4988080373122346,1.7024285401651107,1.7484183266481574,1.755801004365179,1.7360188422897653,1.6901212066433908,1.50228794632775,0.8006755835822842,-0.0017429623894119131,-0.1898978971495264,-0.2119946590984282,-0.23826310739470483,-0.22431337357494952,-0.2321667450064406,-0.26711555929139225,-0.22846363747699847,-0.24863825010567944,-0.23197971861571873,-0.2514782025570533,-0.23088732110019963,-0.2606507983286368,-0.21752106091855095,4.669930170622644,-0.005364447518147908,
63,-0.20351954647416534,-0.2677424137606373,-0.20936308072477422,-0.25426673091370555,-0.20299268004301105,-0.2507839935284089,-0.17812367446508945,0.022726265366991585,0.697175936303613,1.4692565865081693,1.6860351827387001,1.7034846824420902,1.7257640827366243,1.7310032406639533,1.6933838311930807,1.5345386401005314,0.9284236905725926,0.08452430371950473,-0.18277557587306414,-0.2109543283228463,-0.24737575364447625,-0.21147306933402868,-0.2034425110491612,-0.2647061192731233,-0.23650264251202502,-0.23596187916917336,-0.22075556218644687,-0.20806881480405956,-0.2217842827238517,-0.23902467859120158,4.628026020859874,0.0011350081965817438,
64,-0.2627921917012425,-0.22686963478864747,-0.23721397645404715,-0.27156822930057645,-0.202888460539834,-0.26351451184278524,-0.19623582711705528,-0.17169944070307902,0.1496001968772672,0.9700637029673401,1.5697235185716159,1.706792309210887,1.7358844522147017,1.756382001296018,1.7492782212305213,1.6700134339791755,1.465418195896317,0.7148573609874735,0.001394875578549162,-0.19361447682474875,-0.21133743493135418,-0.22410291851121816,-0.2356903408902152,-0.23913736884333212,-0.22651117619542915,-0.24523688357062481,-0.19335585118913193,-0.2687322830534029,-0.22247478571481819,-0.2355301463810753,4.684699921525852,-0.004875535313800139,
65,-0.22856856700650838,-0.2558852925659952,-0.26206041677569686,-0.23777001725962724,-0.24914546613195443,-0.1943254189094412,-0.2572068142813514,-0.19830693877245292,-0.11441363945337082,0.3196388011457834,1.2023595742598001,1.608056069855124,1.6720883316395974,1.7051622818479528,1.7266660749158305,1.6780496029161192,1.66513856654631,1.3101703854734437,0.3914544638522882,-0.12359211794259652,-0.25737916616595824,-0.22124163008510794,-0.18768801330554893,-0.2290515353196009,-0.23765644406631145,-0.21615342629936102,-0.2297296868986176,-0.21599840945764792,-0.2518661474354108,-0.20695644488844572,4.611424236634358,-0.0009299806510845166,
66,-0.22842924163529973,-0.23069997331447745,-0.2867148682532671,-0.2362689153095944,-0.23170870518891856,-0.24510641002103722,-0.22589355386990612,-0.17203708351637637,-0.05601085985481479,0.58047902024208,1.3911794125442407,1.6668971780750406,1.6962311331826423,1.7273484142205657,1.718847446674516,1.702805681482225,1.5731774109546102,1.1310673235001734,0.2139920515209395,-0.13701028703705323,-0.24286714648542881,-0.20323151773167947,-0.2501530238825415,-0.24490631331424664,-0.2580661862855957,-0.2705503510390662,-0.2271028939322881,-0.24664217527998794,-0.2395307449824273,-0.237122399441123,4.649104333823298,-0.002455844867536583,
67,-0.23996531436174534,-0.2157337205643149,-0.24617048090809757,-0.21881502096652516,-0.2826614492321711,-0.2548180068869848,-0.22383117998899177,-0.2553254687230128,-0.08284078547894992,0.3637907247264661,1.2545331974398584,1.6094380181198151,1.6833181419606336,1.7458265655420186,1.7319533422222113,1.7035642409293579,1.6168428404846882,1.2072470729826832,0.325317212110672,-0.12206390713858775,-0.180725471286787,-0.23883440895099842,-0.18264513847300812,-0.25644900394144243,-0.21874831438573897,-0.2560622163465661,-0.23301857105137827,-0.2628152529004778,-0.23725312097419216,-0.23448917204709088,4.613955831602271,-0.002514260846939509,
68,-0.23913679197440552,-0.24887958773090635,-0.24393537335312784,-0.22816448450280816,-0.25237408496063024,-0.25869551940563273,-0.26557503105440666,-0.2295058346984025,-0.2228563372042615,-0.10403703500502934,0.4922090901878,1.2785806650277747,1.6205142048346988,1.6865172656546905,1.6947693506694903,1.7237477885333192,1.697434574423184,1.573632403084837,1.150797404373296,0.3222890314295772,-0.12565955958624822,-0.2503874951522921,-0.22991453367027134,-0.22474863968294878,-0.2260757711133136,-0.20784017407182295,-0.2478534432328571,-0.1933278852118998,-0.2184548261050262,-0.21783998958868772,4.5816972557290025,0.0043470618608832945,
69,-0.2326568710024153,-0.2391536898811879,-0.21998694065743127,-0.25955947358457987,-0.24492968243545613,-0.22463656580014174,-0.25866173157686956,-0.22027328777693814,-0.21816594433967884,-0.18293118476117184,0.1420356735721894,1.054648185745079,1.5753724373228994,1.7008709319959652,1.7674469754733477,1.7598383718064587,1.7427577255080644,1.6421376547764341,1.4014976259179641,0.6235628366916184,-0.07170773316941541,-0.17628844121906867,-0.2524672779449263,-0.21193584683553032,-0.24596515384905812,-0.195355279212551,-0.27016119165158925,-0.25416792024190366,-0.2326525821813393,-0.2592573048067779,4.674554539180892,-0.007555028323925517,
70,-0.22557770950088926,-0.24768599926685025,-0.2663598852057407,-0.23466663068061103,-0.24609059524376825,-0.2631259802008943,-0.23787232324761917,-0.21712728454935873,-0.21729849414115956,-0.15596488900601474,0.20083997389032754,1.0959817396033231,1.626955168643196,1.7069026465551713,1.7392572916644462,1.743006867015941,1.6993863416379795,1.6665339035794409,1.375844929186206,0.5212317862843339,-0.04454788723524611,-0.18627573261790487,-0.2504461771574056,-0.22581867564292993,-0.2429638149590989,-0.24477322805127966,-0.2790904111693811,-0.21564672904718726,-0.24287739158550642,-0.22788920956143313,4.662934999876755,-0.0017334322736937136,
71,-0.2528546424887655,-0.2501668620100667,-0.26117553208627264,-0.21549593384822674,-0.23885550067860942,-0.259525702653508,-0.22637851664330658,-0.202189849419308,-0.10841864881941815,0.3156156438879515,1.14466276192746,1.6011774745265799,1.7047942009135175,1.7702882858632454,1.7369208256034592,1.7416511182652328,1.6413314690159349,1.3535683175024804,0.49407197633818245,-0.04437888300393539,-0.19636963381192102,-0.23126375934004512,-0.2203419972729576,-0.2238893899862089,-0.23732742204156723,-0.22007949363775747,-0.26258652757183254,-0.22848944105630858,-0.22542474357932152,-0.24945748566643103,4.67284255872095,0.014384407755503648,
72,-0.20503096216689431,-0.2619831968281982,-0.22976064230653137,-0.23513816737611637,-0.23491758935290016,-0.20374228643718106,-0.03078979569657763,0.6658092235089225,1.4683222928289053,1.6490508087768763,1.7485574949707041,1.7145088671153823,1.6669957449944603,1.7061236465619982,1.5125361216157407,0.9189827459216633,0.1395650353357389,-0.15984138779514187,-0.21708191341245406,-0.21936832583210106,-0.21894115364505326,-0.23498235382739557,-0.24013666054269583,-0.19936220683347086,-0.24872561651432093,-0.22694022421464624,-0.23951238890933876,-0.2173594025786357,-0.2324533664971573,-0.24410124477586737,4.596356757880456,0.002340428481177881,
